{
    "eia": {
        "processors": [
            "cpu"
        ],
        "version_aliases": {
            "1.10": "1.10.0",
            "1.11": "1.11.0",
            "1.12": "1.12.0",
            "1.13": "1.13.0",
            "1.14": "1.14.0",
            "1.15": "1.15.0",
            "2.0": "2.0.0"
        },
        "versions": {
            "1.10.0": {
                "py_versions": [
                    "py2"
                ],
                "registries": {
                    "af-south-1": "313743910680",
                    "ap-east-1": "057415533634",
                    "ap-northeast-1": "520713654638",
                    "ap-northeast-2": "520713654638",
                    "ap-south-1": "520713654638",
                    "ap-southeast-1": "520713654638",
                    "ap-southeast-2": "520713654638",
                    "ca-central-1": "520713654638",
                    "cn-north-1": "422961961927",
                    "cn-northwest-1": "423003514399",
                    "eu-central-1": "520713654638",
                    "eu-north-1": "520713654638",
                    "eu-south-1": "048378556238",
                    "eu-west-1": "520713654638",
                    "eu-west-2": "520713654638",
                    "eu-west-3": "520713654638",
                    "me-south-1": "724002660598",
                    "sa-east-1": "520713654638",
                    "us-east-1": "520713654638",
                    "us-east-2": "520713654638",
                    "us-gov-west-1": "246785580436",
                    "us-iso-east-1": "744548109606",
                    "us-west-1": "520713654638",
                    "us-west-2": "520713654638"
                },
                "repository": "sagemaker-tensorflow-eia"
            },
            "1.11.0": {
                "registries": {
                    "af-south-1": "313743910680",
                    "ap-east-1": "057415533634",
                    "ap-northeast-1": "520713654638",
                    "ap-northeast-2": "520713654638",
                    "ap-south-1": "520713654638",
                    "ap-southeast-1": "520713654638",
                    "ap-southeast-2": "520713654638",
                    "ca-central-1": "520713654638",
                    "cn-north-1": "422961961927",
                    "cn-northwest-1": "423003514399",
                    "eu-central-1": "520713654638",
                    "eu-north-1": "520713654638",
                    "eu-south-1": "048378556238",
                    "eu-west-1": "520713654638",
                    "eu-west-2": "520713654638",
                    "eu-west-3": "520713654638",
                    "me-south-1": "724002660598",
                    "sa-east-1": "520713654638",
                    "us-east-1": "520713654638",
                    "us-east-2": "520713654638",
                    "us-gov-west-1": "246785580436",
                    "us-iso-east-1": "744548109606",
                    "us-west-1": "520713654638",
                    "us-west-2": "520713654638"
                },
                "repository": "sagemaker-tensorflow-serving-eia"
            },
            "1.12.0": {
                "registries": {
                    "af-south-1": "313743910680",
                    "ap-east-1": "057415533634",
                    "ap-northeast-1": "520713654638",
                    "ap-northeast-2": "520713654638",
                    "ap-south-1": "520713654638",
                    "ap-southeast-1": "520713654638",
                    "ap-southeast-2": "520713654638",
                    "ca-central-1": "520713654638",
                    "cn-north-1": "422961961927",
                    "cn-northwest-1": "423003514399",
                    "eu-central-1": "520713654638",
                    "eu-north-1": "520713654638",
                    "eu-south-1": "048378556238",
                    "eu-west-1": "520713654638",
                    "eu-west-2": "520713654638",
                    "eu-west-3": "520713654638",
                    "me-south-1": "724002660598",
                    "sa-east-1": "520713654638",
                    "us-east-1": "520713654638",
                    "us-east-2": "520713654638",
                    "us-gov-west-1": "246785580436",
                    "us-iso-east-1": "744548109606",
                    "us-west-1": "520713654638",
                    "us-west-2": "520713654638"
                },
                "repository": "sagemaker-tensorflow-serving-eia"
            },
            "1.13.0": {
                "registries": {
                    "af-south-1": "313743910680",
                    "ap-east-1": "057415533634",
                    "ap-northeast-1": "520713654638",
                    "ap-northeast-2": "520713654638",
                    "ap-south-1": "520713654638",
                    "ap-southeast-1": "520713654638",
                    "ap-southeast-2": "520713654638",
                    "ca-central-1": "520713654638",
                    "cn-north-1": "422961961927",
                    "cn-northwest-1": "423003514399",
                    "eu-central-1": "520713654638",
                    "eu-north-1": "520713654638",
                    "eu-south-1": "048378556238",
                    "eu-west-1": "520713654638",
                    "eu-west-2": "520713654638",
                    "eu-west-3": "520713654638",
                    "me-south-1": "724002660598",
                    "sa-east-1": "520713654638",
                    "us-east-1": "520713654638",
                    "us-east-2": "520713654638",
                    "us-gov-west-1": "246785580436",
                    "us-iso-east-1": "744548109606",
                    "us-west-1": "520713654638",
                    "us-west-2": "520713654638"
                },
                "repository": "sagemaker-tensorflow-serving-eia"
            },
            "1.14.0": {
                "registries": {
                    "af-south-1": "626614931356",
                    "ap-east-1": "871362719292",
                    "ap-northeast-1": "763104351884",
                    "ap-northeast-2": "763104351884",
                    "ap-south-1": "763104351884",
                    "ap-southeast-1": "763104351884",
                    "ap-southeast-2": "763104351884",
                    "ca-central-1": "763104351884",
                    "cn-north-1": "727897471807",
                    "cn-northwest-1": "727897471807",
                    "eu-central-1": "763104351884",
                    "eu-north-1": "763104351884",
                    "eu-south-1": "692866216735",
                    "eu-west-1": "763104351884",
                    "eu-west-2": "763104351884",
                    "eu-west-3": "763104351884",
                    "me-south-1": "217643126080",
                    "sa-east-1": "763104351884",
                    "us-east-1": "763104351884",
                    "us-east-2": "763104351884",
                    "us-gov-west-1": "442386744353",
                    "us-iso-east-1": "886529160074",
                    "us-west-1": "763104351884",
                    "us-west-2": "763104351884"
                },
                "repository": "tensorflow-inference-eia"
            },
            "1.15.0": {
                "registries": {
                    "af-south-1": "626614931356",
                    "ap-east-1": "871362719292",
                    "ap-northeast-1": "763104351884",
                    "ap-northeast-2": "763104351884",
                    "ap-south-1": "763104351884",
                    "ap-southeast-1": "763104351884",
                    "ap-southeast-2": "763104351884",
                    "ca-central-1": "763104351884",
                    "cn-north-1": "727897471807",
                    "cn-northwest-1": "727897471807",
                    "eu-central-1": "763104351884",
                    "eu-north-1": "763104351884",
                    "eu-south-1": "692866216735",
                    "eu-west-1": "763104351884",
                    "eu-west-2": "763104351884",
                    "eu-west-3": "763104351884",
                    "me-south-1": "217643126080",
                    "sa-east-1": "763104351884",
                    "us-east-1": "763104351884",
                    "us-east-2": "763104351884",
                    "us-gov-west-1": "442386744353",
                    "us-iso-east-1": "886529160074",
                    "us-west-1": "763104351884",
                    "us-west-2": "763104351884"
                },
                "repository": "tensorflow-inference-eia"
            },
            "2.0.0": {
                "registries": {
                    "af-south-1": "626614931356",
                    "ap-east-1": "871362719292",
                    "ap-northeast-1": "763104351884",
                    "ap-northeast-2": "763104351884",
                    "ap-south-1": "763104351884",
                    "ap-southeast-1": "763104351884",
                    "ap-southeast-2": "763104351884",
                    "ca-central-1": "763104351884",
                    "cn-north-1": "727897471807",
                    "cn-northwest-1": "727897471807",
                    "eu-central-1": "763104351884",
                    "eu-north-1": "763104351884",
                    "eu-south-1": "692866216735",
                    "eu-west-1": "763104351884",
                    "eu-west-2": "763104351884",
                    "eu-west-3": "763104351884",
                    "me-south-1": "217643126080",
                    "sa-east-1": "763104351884",
                    "us-east-1": "763104351884",
                    "us-east-2": "763104351884",
                    "us-gov-west-1": "442386744353",
                    "us-iso-east-1": "886529160074",
                    "us-west-1": "763104351884",
                    "us-west-2": "763104351884"
                },
                "repository": "tensorflow-inference-eia"
            }
        }
    },
    "inference": {
        "processors": [
            "cpu",
            "gpu"
        ],
        "version_aliases": {
            "1.10": "1.10.0",
            "1.11": "1.11.0",
            "1.12": "1.12.0",
            "1.13": "1.13.0",
            "1.14": "1.14.0",
            "1.15": "1.15.4",
            "1.4": "1.4.1",
            "1.5": "1.5.0",
            "1.6": "1.6.0",
            "1.7": "1.7.0",
            "1.8": "1.8.0",
            "1.9": "1.9.0",
            "2.0": "2.0.1",
            "2.1": "2.1.1",
            "2.2": "2.2.0",
            "2.3": "2.3.1",
            "2.4": "2.4.1"
        },
        "versions": {
            "1.10.0": {
                "py_versions": [
                    "py2"
                ],
                "registries": {
                    "af-south-1": "313743910680",
                    "ap-east-1": "057415533634",
                    "ap-northeast-1": "520713654638",
                    "ap-northeast-2": "520713654638",
                    "ap-south-1": "520713654638",
                    "ap-southeast-1": "520713654638",
                    "ap-southeast-2": "520713654638",
                    "ca-central-1": "520713654638",
                    "cn-north-1": "422961961927",
                    "cn-northwest-1": "423003514399",
                    "eu-central-1": "520713654638",
                    "eu-north-1": "520713654638",
                    "eu-south-1": "048378556238",
                    "eu-west-1": "520713654638",
                    "eu-west-2": "520713654638",
                    "eu-west-3": "520713654638",
                    "me-south-1": "724002660598",
                    "sa-east-1": "520713654638",
                    "us-east-1": "520713654638",
                    "us-east-2": "520713654638",
                    "us-gov-west-1": "246785580436",
                    "us-iso-east-1": "744548109606",
                    "us-west-1": "520713654638",
                    "us-west-2": "520713654638"
                },
                "repository": "sagemaker-tensorflow"
            },
            "1.11.0": {
                "registries": {
                    "af-south-1": "313743910680",
                    "ap-east-1": "057415533634",
                    "ap-northeast-1": "520713654638",
                    "ap-northeast-2": "520713654638",
                    "ap-south-1": "520713654638",
                    "ap-southeast-1": "520713654638",
                    "ap-southeast-2": "520713654638",
                    "ca-central-1": "520713654638",
                    "cn-north-1": "422961961927",
                    "cn-northwest-1": "423003514399",
                    "eu-central-1": "520713654638",
                    "eu-north-1": "520713654638",
                    "eu-south-1": "048378556238",
                    "eu-west-1": "520713654638",
                    "eu-west-2": "520713654638",
                    "eu-west-3": "520713654638",
                    "me-south-1": "724002660598",
                    "sa-east-1": "520713654638",
                    "us-east-1": "520713654638",
                    "us-east-2": "520713654638",
                    "us-gov-west-1": "246785580436",
                    "us-iso-east-1": "744548109606",
                    "us-west-1": "520713654638",
                    "us-west-2": "520713654638"
                },
                "repository": "sagemaker-tensorflow-serving"
            },
            "1.12.0": {
                "registries": {
                    "af-south-1": "313743910680",
                    "ap-east-1": "057415533634",
                    "ap-northeast-1": "520713654638",
                    "ap-northeast-2": "520713654638",
                    "ap-south-1": "520713654638",
                    "ap-southeast-1": "520713654638",
                    "ap-southeast-2": "520713654638",
                    "ca-central-1": "520713654638",
                    "cn-north-1": "422961961927",
                    "cn-northwest-1": "423003514399",
                    "eu-central-1": "520713654638",
                    "eu-north-1": "520713654638",
                    "eu-south-1": "048378556238",
                    "eu-west-1": "520713654638",
                    "eu-west-2": "520713654638",
                    "eu-west-3": "520713654638",
                    "me-south-1": "724002660598",
                    "sa-east-1": "520713654638",
                    "us-east-1": "520713654638",
                    "us-east-2": "520713654638",
                    "us-gov-west-1": "246785580436",
                    "us-iso-east-1": "744548109606",
                    "us-west-1": "520713654638",
                    "us-west-2": "520713654638"
                },
                "repository": "sagemaker-tensorflow-serving"
            },
            "1.13.0": {
                "registries": {
                    "af-south-1": "626614931356",
                    "ap-east-1": "871362719292",
                    "ap-northeast-1": "763104351884",
                    "ap-northeast-2": "763104351884",
                    "ap-south-1": "763104351884",
                    "ap-southeast-1": "763104351884",
                    "ap-southeast-2": "763104351884",
                    "ca-central-1": "763104351884",
                    "cn-north-1": "727897471807",
                    "cn-northwest-1": "727897471807",
                    "eu-central-1": "763104351884",
                    "eu-north-1": "763104351884",
                    "eu-south-1": "692866216735",
                    "eu-west-1": "763104351884",
                    "eu-west-2": "763104351884",
                    "eu-west-3": "763104351884",
                    "me-south-1": "217643126080",
                    "sa-east-1": "763104351884",
                    "us-east-1": "763104351884",
                    "us-east-2": "763104351884",
                    "us-gov-west-1": "442386744353",
                    "us-iso-east-1": "886529160074",
                    "us-west-1": "763104351884",
                    "us-west-2": "763104351884"
                },
                "repository": "tensorflow-inference"
            },
            "1.14.0": {
                "registries": {
                    "af-south-1": "626614931356",
                    "ap-east-1": "871362719292",
                    "ap-northeast-1": "763104351884",
                    "ap-northeast-2": "763104351884",
                    "ap-south-1": "763104351884",
                    "ap-southeast-1": "763104351884",
                    "ap-southeast-2": "763104351884",
                    "ca-central-1": "763104351884",
                    "cn-north-1": "727897471807",
                    "cn-northwest-1": "727897471807",
                    "eu-central-1": "763104351884",
                    "eu-north-1": "763104351884",
                    "eu-south-1": "692866216735",
                    "eu-west-1": "763104351884",
                    "eu-west-2": "763104351884",
                    "eu-west-3": "763104351884",
                    "me-south-1": "217643126080",
                    "sa-east-1": "763104351884",
                    "us-east-1": "763104351884",
                    "us-east-2": "763104351884",
                    "us-gov-west-1": "442386744353",
                    "us-iso-east-1": "886529160074",
                    "us-west-1": "763104351884",
                    "us-west-2": "763104351884"
                },
                "repository": "tensorflow-inference"
            },
            "1.15.0": {
                "registries": {
                    "af-south-1": "626614931356",
                    "ap-east-1": "871362719292",
                    "ap-northeast-1": "763104351884",
                    "ap-northeast-2": "763104351884",
                    "ap-south-1": "763104351884",
                    "ap-southeast-1": "763104351884",
                    "ap-southeast-2": "763104351884",
                    "ca-central-1": "763104351884",
                    "cn-north-1": "727897471807",
                    "cn-northwest-1": "727897471807",
                    "eu-central-1": "763104351884",
                    "eu-north-1": "763104351884",
                    "eu-south-1": "692866216735",
                    "eu-west-1": "763104351884",
                    "eu-west-2": "763104351884",
                    "eu-west-3": "763104351884",
                    "me-south-1": "217643126080",
                    "sa-east-1": "763104351884",
                    "us-east-1": "763104351884",
                    "us-east-2": "763104351884",
                    "us-gov-west-1": "442386744353",
                    "us-iso-east-1": "886529160074",
                    "us-west-1": "763104351884",
                    "us-west-2": "763104351884"
                },
                "repository": "tensorflow-inference"
            },
            "1.15.2": {
                "registries": {
                    "af-south-1": "626614931356",
                    "ap-east-1": "871362719292",
                    "ap-northeast-1": "763104351884",
                    "ap-northeast-2": "763104351884",
                    "ap-south-1": "763104351884",
                    "ap-southeast-1": "763104351884",
                    "ap-southeast-2": "763104351884",
                    "ca-central-1": "763104351884",
                    "cn-north-1": "727897471807",
                    "cn-northwest-1": "727897471807",
                    "eu-central-1": "763104351884",
                    "eu-north-1": "763104351884",
                    "eu-south-1": "692866216735",
                    "eu-west-1": "763104351884",
                    "eu-west-2": "763104351884",
                    "eu-west-3": "763104351884",
                    "me-south-1": "217643126080",
                    "sa-east-1": "763104351884",
                    "us-east-1": "763104351884",
                    "us-east-2": "763104351884",
                    "us-gov-west-1": "442386744353",
                    "us-iso-east-1": "886529160074",
                    "us-west-1": "763104351884",
                    "us-west-2": "763104351884"
                },
                "repository": "tensorflow-inference"
            },
            "1.15.3": {
                "registries": {
                    "af-south-1": "626614931356",
                    "ap-east-1": "871362719292",
                    "ap-northeast-1": "763104351884",
                    "ap-northeast-2": "763104351884",
                    "ap-south-1": "763104351884",
                    "ap-southeast-1": "763104351884",
                    "ap-southeast-2": "763104351884",
                    "ca-central-1": "763104351884",
                    "cn-north-1": "727897471807",
                    "cn-northwest-1": "727897471807",
                    "eu-central-1": "763104351884",
                    "eu-north-1": "763104351884",
                    "eu-south-1": "692866216735",
                    "eu-west-1": "763104351884",
                    "eu-west-2": "763104351884",
                    "eu-west-3": "763104351884",
                    "me-south-1": "217643126080",
                    "sa-east-1": "763104351884",
                    "us-east-1": "763104351884",
                    "us-east-2": "763104351884",
                    "us-gov-west-1": "442386744353",
                    "us-iso-east-1": "886529160074",
                    "us-west-1": "763104351884",
                    "us-west-2": "763104351884"
                },
                "repository": "tensorflow-inference"
            },
            "1.15.4": {
                "registries": {
                    "af-south-1": "626614931356",
                    "ap-east-1": "871362719292",
                    "ap-northeast-1": "763104351884",
                    "ap-northeast-2": "763104351884",
                    "ap-south-1": "763104351884",
                    "ap-southeast-1": "763104351884",
                    "ap-southeast-2": "763104351884",
                    "ca-central-1": "763104351884",
                    "cn-north-1": "727897471807",
                    "cn-northwest-1": "727897471807",
                    "eu-central-1": "763104351884",
                    "eu-north-1": "763104351884",
                    "eu-south-1": "692866216735",
                    "eu-west-1": "763104351884",
                    "eu-west-2": "763104351884",
                    "eu-west-3": "763104351884",
                    "me-south-1": "217643126080",
                    "sa-east-1": "763104351884",
                    "us-east-1": "763104351884",
                    "us-east-2": "763104351884",
                    "us-gov-west-1": "442386744353",
                    "us-iso-east-1": "886529160074",
                    "us-west-1": "763104351884",
                    "us-west-2": "763104351884"
                },
                "repository": "tensorflow-inference"
            },
            "1.4.1": {
                "py_versions": [
                    "py2"
                ],
                "registries": {
                    "af-south-1": "313743910680",
                    "ap-east-1": "057415533634",
                    "ap-northeast-1": "520713654638",
                    "ap-northeast-2": "520713654638",
                    "ap-south-1": "520713654638",
                    "ap-southeast-1": "520713654638",
                    "ap-southeast-2": "520713654638",
                    "ca-central-1": "520713654638",
                    "cn-north-1": "422961961927",
                    "cn-northwest-1": "423003514399",
                    "eu-central-1": "520713654638",
                    "eu-north-1": "520713654638",
                    "eu-south-1": "048378556238",
                    "eu-west-1": "520713654638",
                    "eu-west-2": "520713654638",
                    "eu-west-3": "520713654638",
                    "me-south-1": "724002660598",
                    "sa-east-1": "520713654638",
                    "us-east-1": "520713654638",
                    "us-east-2": "520713654638",
                    "us-gov-west-1": "246785580436",
                    "us-iso-east-1": "744548109606",
                    "us-west-1": "520713654638",
                    "us-west-2": "520713654638"
                },
                "repository": "sagemaker-tensorflow"
            },
            "1.5.0": {
                "py_versions": [
                    "py2"
                ],
                "registries": {
                    "af-south-1": "313743910680",
                    "ap-east-1": "057415533634",
                    "ap-northeast-1": "520713654638",
                    "ap-northeast-2": "520713654638",
                    "ap-south-1": "520713654638",
                    "ap-southeast-1": "520713654638",
                    "ap-southeast-2": "520713654638",
                    "ca-central-1": "520713654638",
                    "cn-north-1": "422961961927",
                    "cn-northwest-1": "423003514399",
                    "eu-central-1": "520713654638",
                    "eu-north-1": "520713654638",
                    "eu-south-1": "048378556238",
                    "eu-west-1": "520713654638",
                    "eu-west-2": "520713654638",
                    "eu-west-3": "520713654638",
                    "me-south-1": "724002660598",
                    "sa-east-1": "520713654638",
                    "us-east-1": "520713654638",
                    "us-east-2": "520713654638",
                    "us-gov-west-1": "246785580436",
                    "us-iso-east-1": "744548109606",
                    "us-west-1": "520713654638",
                    "us-west-2": "520713654638"
                },
                "repository": "sagemaker-tensorflow"
            },
            "1.6.0": {
                "py_versions": [
                    "py2"
                ],
                "registries": {
                    "af-south-1": "313743910680",
                    "ap-east-1": "057415533634",
                    "ap-northeast-1": "520713654638",
                    "ap-northeast-2": "520713654638",
                    "ap-south-1": "520713654638",
                    "ap-southeast-1": "520713654638",
                    "ap-southeast-2": "520713654638",
                    "ca-central-1": "520713654638",
                    "cn-north-1": "422961961927",
                    "cn-northwest-1": "423003514399",
                    "eu-central-1": "520713654638",
                    "eu-north-1": "520713654638",
                    "eu-south-1": "048378556238",
                    "eu-west-1": "520713654638",
                    "eu-west-2": "520713654638",
                    "eu-west-3": "520713654638",
                    "me-south-1": "724002660598",
                    "sa-east-1": "520713654638",
                    "us-east-1": "520713654638",
                    "us-east-2": "520713654638",
                    "us-gov-west-1": "246785580436",
                    "us-iso-east-1": "744548109606",
                    "us-west-1": "520713654638",
                    "us-west-2": "520713654638"
                },
                "repository": "sagemaker-tensorflow"
            },
            "1.7.0": {
                "py_versions": [
                    "py2"
                ],
                "registries": {
                    "af-south-1": "313743910680",
                    "ap-east-1": "057415533634",
                    "ap-northeast-1": "520713654638",
                    "ap-northeast-2": "520713654638",
                    "ap-south-1": "520713654638",
                    "ap-southeast-1": "520713654638",
                    "ap-southeast-2": "520713654638",
                    "ca-central-1": "520713654638",
                    "cn-north-1": "422961961927",
                    "cn-northwest-1": "423003514399",
                    "eu-central-1": "520713654638",
                    "eu-north-1": "520713654638",
                    "eu-south-1": "048378556238",
                    "eu-west-1": "520713654638",
                    "eu-west-2": "520713654638",
                    "eu-west-3": "520713654638",
                    "me-south-1": "724002660598",
                    "sa-east-1": "520713654638",
                    "us-east-1": "520713654638",
                    "us-east-2": "520713654638",
                    "us-gov-west-1": "246785580436",
                    "us-iso-east-1": "744548109606",
                    "us-west-1": "520713654638",
                    "us-west-2": "520713654638"
                },
                "repository": "sagemaker-tensorflow"
            },
            "1.8.0": {
                "py_versions": [
                    "py2"
                ],
                "registries": {
                    "af-south-1": "313743910680",
                    "ap-east-1": "057415533634",
                    "ap-northeast-1": "520713654638",
                    "ap-northeast-2": "520713654638",
                    "ap-south-1": "520713654638",
                    "ap-southeast-1": "520713654638",
                    "ap-southeast-2": "520713654638",
                    "ca-central-1": "520713654638",
                    "cn-north-1": "422961961927",
                    "cn-northwest-1": "423003514399",
                    "eu-central-1": "520713654638",
                    "eu-north-1": "520713654638",
                    "eu-south-1": "048378556238",
                    "eu-west-1": "520713654638",
                    "eu-west-2": "520713654638",
                    "eu-west-3": "520713654638",
                    "me-south-1": "724002660598",
                    "sa-east-1": "520713654638",
                    "us-east-1": "520713654638",
                    "us-east-2": "520713654638",
                    "us-gov-west-1": "246785580436",
                    "us-iso-east-1": "744548109606",
                    "us-west-1": "520713654638",
                    "us-west-2": "520713654638"
                },
                "repository": "sagemaker-tensorflow"
            },
            "1.9.0": {
                "py_versions": [
                    "py2"
                ],
                "registries": {
                    "af-south-1": "313743910680",
                    "ap-east-1": "057415533634",
                    "ap-northeast-1": "520713654638",
                    "ap-northeast-2": "520713654638",
                    "ap-south-1": "520713654638",
                    "ap-southeast-1": "520713654638",
                    "ap-southeast-2": "520713654638",
                    "ca-central-1": "520713654638",
                    "cn-north-1": "422961961927",
                    "cn-northwest-1": "423003514399",
                    "eu-central-1": "520713654638",
                    "eu-north-1": "520713654638",
                    "eu-south-1": "048378556238",
                    "eu-west-1": "520713654638",
                    "eu-west-2": "520713654638",
                    "eu-west-3": "520713654638",
                    "me-south-1": "724002660598",
                    "sa-east-1": "520713654638",
                    "us-east-1": "520713654638",
                    "us-east-2": "520713654638",
                    "us-gov-west-1": "246785580436",
                    "us-iso-east-1": "744548109606",
                    "us-west-1": "520713654638",
                    "us-west-2": "520713654638"
                },
                "repository": "sagemaker-tensorflow"
            },
            "2.0.0": {
                "registries": {
                    "af-south-1": "626614931356",
                    "ap-east-1": "871362719292",
                    "ap-northeast-1": "763104351884",
                    "ap-northeast-2": "763104351884",
                    "ap-south-1": "763104351884",
                    "ap-southeast-1": "763104351884",
                    "ap-southeast-2": "763104351884",
                    "ca-central-1": "763104351884",
                    "cn-north-1": "727897471807",
                    "cn-northwest-1": "727897471807",
                    "eu-central-1": "763104351884",
                    "eu-north-1": "763104351884",
                    "eu-south-1": "692866216735",
                    "eu-west-1": "763104351884",
                    "eu-west-2": "763104351884",
                    "eu-west-3": "763104351884",
                    "me-south-1": "217643126080",
                    "sa-east-1": "763104351884",
                    "us-east-1": "763104351884",
                    "us-east-2": "763104351884",
                    "us-gov-west-1": "442386744353",
                    "us-iso-east-1": "886529160074",
                    "us-west-1": "763104351884",
                    "us-west-2": "763104351884"
                },
                "repository": "tensorflow-inference"
            },
            "2.0.1": {
                "registries": {
                    "af-south-1": "626614931356",
                    "ap-east-1": "871362719292",
                    "ap-northeast-1": "763104351884",
                    "ap-northeast-2": "763104351884",
                    "ap-south-1": "763104351884",
                    "ap-southeast-1": "763104351884",
                    "ap-southeast-2": "763104351884",
                    "ca-central-1": "763104351884",
                    "cn-north-1": "727897471807",
                    "cn-northwest-1": "727897471807",
                    "eu-central-1": "763104351884",
                    "eu-north-1": "763104351884",
                    "eu-south-1": "692866216735",
                    "eu-west-1": "763104351884",
                    "eu-west-2": "763104351884",
                    "eu-west-3": "763104351884",
                    "me-south-1": "217643126080",
                    "sa-east-1": "763104351884",
                    "us-east-1": "763104351884",
                    "us-east-2": "763104351884",
                    "us-gov-west-1": "442386744353",
                    "us-iso-east-1": "886529160074",
                    "us-west-1": "763104351884",
                    "us-west-2": "763104351884"
                },
                "repository": "tensorflow-inference"
            },
            "2.1.0": {
                "registries": {
                    "af-south-1": "626614931356",
                    "ap-east-1": "871362719292",
                    "ap-northeast-1": "763104351884",
                    "ap-northeast-2": "763104351884",
                    "ap-south-1": "763104351884",
                    "ap-southeast-1": "763104351884",
                    "ap-southeast-2": "763104351884",
                    "ca-central-1": "763104351884",
                    "cn-north-1": "727897471807",
                    "cn-northwest-1": "727897471807",
                    "eu-central-1": "763104351884",
                    "eu-north-1": "763104351884",
                    "eu-south-1": "692866216735",
                    "eu-west-1": "763104351884",
                    "eu-west-2": "763104351884",
                    "eu-west-3": "763104351884",
                    "me-south-1": "217643126080",
                    "sa-east-1": "763104351884",
                    "us-east-1": "763104351884",
                    "us-east-2": "763104351884",
                    "us-gov-west-1": "442386744353",
                    "us-iso-east-1": "886529160074",
                    "us-west-1": "763104351884",
                    "us-west-2": "763104351884"
                },
                "repository": "tensorflow-inference"
            },
            "2.1.1": {
                "registries": {
                    "af-south-1": "626614931356",
                    "ap-east-1": "871362719292",
                    "ap-northeast-1": "763104351884",
                    "ap-northeast-2": "763104351884",
                    "ap-south-1": "763104351884",
                    "ap-southeast-1": "763104351884",
                    "ap-southeast-2": "763104351884",
                    "ca-central-1": "763104351884",
                    "cn-north-1": "727897471807",
                    "cn-northwest-1": "727897471807",
                    "eu-central-1": "763104351884",
                    "eu-north-1": "763104351884",
                    "eu-south-1": "692866216735",
                    "eu-west-1": "763104351884",
                    "eu-west-2": "763104351884",
                    "eu-west-3": "763104351884",
                    "me-south-1": "217643126080",
                    "sa-east-1": "763104351884",
                    "us-east-1": "763104351884",
                    "us-east-2": "763104351884",
                    "us-gov-west-1": "442386744353",
                    "us-iso-east-1": "886529160074",
                    "us-west-1": "763104351884",
                    "us-west-2": "763104351884"
                },
                "repository": "tensorflow-inference"
            },
            "2.2.0": {
                "registries": {
                    "af-south-1": "626614931356",
                    "ap-east-1": "871362719292",
                    "ap-northeast-1": "763104351884",
                    "ap-northeast-2": "763104351884",
                    "ap-south-1": "763104351884",
                    "ap-southeast-1": "763104351884",
                    "ap-southeast-2": "763104351884",
                    "ca-central-1": "763104351884",
                    "cn-north-1": "727897471807",
                    "cn-northwest-1": "727897471807",
                    "eu-central-1": "763104351884",
                    "eu-north-1": "763104351884",
                    "eu-south-1": "692866216735",
                    "eu-west-1": "763104351884",
                    "eu-west-2": "763104351884",
                    "eu-west-3": "763104351884",
                    "me-south-1": "217643126080",
                    "sa-east-1": "763104351884",
                    "us-east-1": "763104351884",
                    "us-east-2": "763104351884",
                    "us-gov-west-1": "442386744353",
                    "us-iso-east-1": "886529160074",
                    "us-west-1": "763104351884",
                    "us-west-2": "763104351884"
                },
                "repository": "tensorflow-inference"
            },
            "2.3.0": {
                "registries": {
                    "af-south-1": "626614931356",
                    "ap-east-1": "871362719292",
                    "ap-northeast-1": "763104351884",
                    "ap-northeast-2": "763104351884",
                    "ap-south-1": "763104351884",
                    "ap-southeast-1": "763104351884",
                    "ap-southeast-2": "763104351884",
                    "ca-central-1": "763104351884",
                    "cn-north-1": "727897471807",
                    "cn-northwest-1": "727897471807",
                    "eu-central-1": "763104351884",
                    "eu-north-1": "763104351884",
                    "eu-south-1": "692866216735",
                    "eu-west-1": "763104351884",
                    "eu-west-2": "763104351884",
                    "eu-west-3": "763104351884",
                    "me-south-1": "217643126080",
                    "sa-east-1": "763104351884",
                    "us-east-1": "763104351884",
                    "us-east-2": "763104351884",
                    "us-gov-west-1": "442386744353",
                    "us-iso-east-1": "886529160074",
                    "us-west-1": "763104351884",
                    "us-west-2": "763104351884"
                },
                "repository": "tensorflow-inference"
            },
            "2.3.1": {
                "registries": {
                    "af-south-1": "626614931356",
                    "ap-east-1": "871362719292",
                    "ap-northeast-1": "763104351884",
                    "ap-northeast-2": "763104351884",
                    "ap-south-1": "763104351884",
                    "ap-southeast-1": "763104351884",
                    "ap-southeast-2": "763104351884",
                    "ca-central-1": "763104351884",
                    "cn-north-1": "727897471807",
                    "cn-northwest-1": "727897471807",
                    "eu-central-1": "763104351884",
                    "eu-north-1": "763104351884",
                    "eu-south-1": "692866216735",
                    "eu-west-1": "763104351884",
                    "eu-west-2": "763104351884",
                    "eu-west-3": "763104351884",
                    "me-south-1": "217643126080",
                    "sa-east-1": "763104351884",
                    "us-east-1": "763104351884",
                    "us-east-2": "763104351884",
                    "us-gov-west-1": "442386744353",
                    "us-iso-east-1": "886529160074",
                    "us-west-1": "763104351884",
                    "us-west-2": "763104351884"
                },
                "repository": "tensorflow-inference"
            },
            "2.4.1": {
                "registries": {
                    "af-south-1": "626614931356",
                    "ap-east-1": "871362719292",
                    "ap-northeast-1": "763104351884",
                    "ap-northeast-2": "763104351884",
                    "ap-south-1": "763104351884",
                    "ap-southeast-1": "763104351884",
                    "ap-southeast-2": "763104351884",
                    "ca-central-1": "763104351884",
                    "cn-north-1": "727897471807",
                    "cn-northwest-1": "727897471807",
                    "eu-central-1": "763104351884",
                    "eu-north-1": "763104351884",
                    "eu-south-1": "692866216735",
                    "eu-west-1": "763104351884",
                    "eu-west-2": "763104351884",
                    "eu-west-3": "763104351884",
                    "me-south-1": "217643126080",
                    "sa-east-1": "763104351884",
                    "us-east-1": "763104351884",
                    "us-east-2": "763104351884",
                    "us-gov-west-1": "442386744353",
                    "us-iso-east-1": "886529160074",
                    "us-west-1": "763104351884",
                    "us-west-2": "763104351884"
                },
                "repository": "tensorflow-inference"
            }
        }
    },
    "training": {
        "processors": [
            "cpu",
            "gpu"
        ],
        "version_aliases": {
            "1.10": "1.10.0",
            "1.11": "1.11.0",
            "1.12": "1.12.0",
            "1.13": "1.13.1",
            "1.14": "1.14.0",
            "1.15": "1.15.4",
            "1.4": "1.4.1",
            "1.5": "1.5.0",
            "1.6": "1.6.0",
            "1.7": "1.7.0",
            "1.8": "1.8.0",
            "1.9": "1.9.0",
            "2.0": "2.0.1",
            "2.1": "2.1.1",
            "2.2": "2.2.0",
            "2.3": "2.3.1",
            "2.4": "2.4.1"
        },
        "versions": {
            "1.10.0": {
                "py_versions": [
                    "py2"
                ],
                "registries": {
                    "af-south-1": "313743910680",
                    "ap-east-1": "057415533634",
                    "ap-northeast-1": "520713654638",
                    "ap-northeast-2": "520713654638",
                    "ap-south-1": "520713654638",
                    "ap-southeast-1": "520713654638",
                    "ap-southeast-2": "520713654638",
                    "ca-central-1": "520713654638",
                    "cn-north-1": "422961961927",
                    "cn-northwest-1": "423003514399",
                    "eu-central-1": "520713654638",
                    "eu-north-1": "520713654638",
                    "eu-south-1": "048378556238",
                    "eu-west-1": "520713654638",
                    "eu-west-2": "520713654638",
                    "eu-west-3": "520713654638",
                    "me-south-1": "724002660598",
                    "sa-east-1": "520713654638",
                    "us-east-1": "520713654638",
                    "us-east-2": "520713654638",
                    "us-gov-west-1": "246785580436",
                    "us-iso-east-1": "744548109606",
                    "us-west-1": "520713654638",
                    "us-west-2": "520713654638"
                },
                "repository": "sagemaker-tensorflow"
            },
            "1.11.0": {
                "py_versions": [
                    "py2",
                    "py3"
                ],
                "registries": {
                    "af-south-1": "313743910680",
                    "ap-east-1": "057415533634",
                    "ap-northeast-1": "520713654638",
                    "ap-northeast-2": "520713654638",
                    "ap-south-1": "520713654638",
                    "ap-southeast-1": "520713654638",
                    "ap-southeast-2": "520713654638",
                    "ca-central-1": "520713654638",
                    "cn-north-1": "422961961927",
                    "cn-northwest-1": "423003514399",
                    "eu-central-1": "520713654638",
                    "eu-north-1": "520713654638",
                    "eu-south-1": "048378556238",
                    "eu-west-1": "520713654638",
                    "eu-west-2": "520713654638",
                    "eu-west-3": "520713654638",
                    "me-south-1": "724002660598",
                    "sa-east-1": "520713654638",
                    "us-east-1": "520713654638",
                    "us-east-2": "520713654638",
                    "us-gov-west-1": "246785580436",
                    "us-iso-east-1": "744548109606",
                    "us-west-1": "520713654638",
                    "us-west-2": "520713654638"
                },
                "repository": "sagemaker-tensorflow-scriptmode"
            },
            "1.12.0": {
                "py_versions": [
                    "py2",
                    "py3"
                ],
                "registries": {
                    "af-south-1": "313743910680",
                    "ap-east-1": "057415533634",
                    "ap-northeast-1": "520713654638",
                    "ap-northeast-2": "520713654638",
                    "ap-south-1": "520713654638",
                    "ap-southeast-1": "520713654638",
                    "ap-southeast-2": "520713654638",
                    "ca-central-1": "520713654638",
                    "cn-north-1": "422961961927",
                    "cn-northwest-1": "423003514399",
                    "eu-central-1": "520713654638",
                    "eu-north-1": "520713654638",
                    "eu-south-1": "048378556238",
                    "eu-west-1": "520713654638",
                    "eu-west-2": "520713654638",
                    "eu-west-3": "520713654638",
                    "me-south-1": "724002660598",
                    "sa-east-1": "520713654638",
                    "us-east-1": "520713654638",
                    "us-east-2": "520713654638",
                    "us-gov-west-1": "246785580436",
                    "us-iso-east-1": "744548109606",
                    "us-west-1": "520713654638",
                    "us-west-2": "520713654638"
                },
                "repository": "sagemaker-tensorflow-scriptmode"
            },
            "1.13.1": {
                "py2": {
                    "registries": {
                        "af-south-1": "313743910680",
                        "ap-east-1": "057415533634",
                        "ap-northeast-1": "520713654638",
                        "ap-northeast-2": "520713654638",
                        "ap-south-1": "520713654638",
                        "ap-southeast-1": "520713654638",
                        "ap-southeast-2": "520713654638",
                        "ca-central-1": "520713654638",
                        "cn-north-1": "422961961927",
                        "cn-northwest-1": "423003514399",
                        "eu-central-1": "520713654638",
                        "eu-north-1": "520713654638",
                        "eu-south-1": "048378556238",
                        "eu-west-1": "520713654638",
                        "eu-west-2": "520713654638",
                        "eu-west-3": "520713654638",
                        "me-south-1": "724002660598",
                        "sa-east-1": "520713654638",
                        "us-east-1": "520713654638",
                        "us-east-2": "520713654638",
                        "us-gov-west-1": "246785580436",
                        "us-iso-east-1": "744548109606",
                        "us-west-1": "520713654638",
                        "us-west-2": "520713654638"
                    },
                    "repository": "sagemaker-tensorflow-scriptmode"
                },
                "py3": {
                    "registries": {
                        "af-south-1": "626614931356",
                        "ap-east-1": "871362719292",
                        "ap-northeast-1": "763104351884",
                        "ap-northeast-2": "763104351884",
                        "ap-south-1": "763104351884",
                        "ap-southeast-1": "763104351884",
                        "ap-southeast-2": "763104351884",
                        "ca-central-1": "763104351884",
                        "cn-north-1": "727897471807",
                        "cn-northwest-1": "727897471807",
                        "eu-central-1": "763104351884",
                        "eu-north-1": "763104351884",
                        "eu-south-1": "692866216735",
                        "eu-west-1": "763104351884",
                        "eu-west-2": "763104351884",
                        "eu-west-3": "763104351884",
                        "me-south-1": "217643126080",
                        "sa-east-1": "763104351884",
                        "us-east-1": "763104351884",
                        "us-east-2": "763104351884",
                        "us-gov-west-1": "442386744353",
                        "us-iso-east-1": "886529160074",
                        "us-west-1": "763104351884",
                        "us-west-2": "763104351884"
                    },
                    "repository": "tensorflow-training"
                }
            },
            "1.14.0": {
                "py_versions": [
                    "py2",
                    "py3"
                ],
                "registries": {
                    "af-south-1": "626614931356",
                    "ap-east-1": "871362719292",
                    "ap-northeast-1": "763104351884",
                    "ap-northeast-2": "763104351884",
                    "ap-south-1": "763104351884",
                    "ap-southeast-1": "763104351884",
                    "ap-southeast-2": "763104351884",
                    "ca-central-1": "763104351884",
                    "cn-north-1": "727897471807",
                    "cn-northwest-1": "727897471807",
                    "eu-central-1": "763104351884",
                    "eu-north-1": "763104351884",
                    "eu-south-1": "692866216735",
                    "eu-west-1": "763104351884",
                    "eu-west-2": "763104351884",
                    "eu-west-3": "763104351884",
                    "me-south-1": "217643126080",
                    "sa-east-1": "763104351884",
                    "us-east-1": "763104351884",
                    "us-east-2": "763104351884",
                    "us-gov-west-1": "442386744353",
                    "us-iso-east-1": "886529160074",
                    "us-west-1": "763104351884",
                    "us-west-2": "763104351884"
                },
                "repository": "tensorflow-training"
            },
            "1.15.0": {
                "py_versions": [
                    "py2",
                    "py3"
                ],
                "registries": {
                    "af-south-1": "626614931356",
                    "ap-east-1": "871362719292",
                    "ap-northeast-1": "763104351884",
                    "ap-northeast-2": "763104351884",
                    "ap-south-1": "763104351884",
                    "ap-southeast-1": "763104351884",
                    "ap-southeast-2": "763104351884",
                    "ca-central-1": "763104351884",
                    "cn-north-1": "727897471807",
                    "cn-northwest-1": "727897471807",
                    "eu-central-1": "763104351884",
                    "eu-north-1": "763104351884",
                    "eu-south-1": "692866216735",
                    "eu-west-1": "763104351884",
                    "eu-west-2": "763104351884",
                    "eu-west-3": "763104351884",
                    "me-south-1": "217643126080",
                    "sa-east-1": "763104351884",
                    "us-east-1": "763104351884",
                    "us-east-2": "763104351884",
                    "us-gov-west-1": "442386744353",
                    "us-iso-east-1": "886529160074",
                    "us-west-1": "763104351884",
                    "us-west-2": "763104351884"
                },
                "repository": "tensorflow-training"
            },
            "1.15.2": {
                "py_versions": [
                    "py2",
                    "py3",
                    "py37"
                ],
                "registries": {
                    "af-south-1": "626614931356",
                    "ap-east-1": "871362719292",
                    "ap-northeast-1": "763104351884",
                    "ap-northeast-2": "763104351884",
                    "ap-south-1": "763104351884",
                    "ap-southeast-1": "763104351884",
                    "ap-southeast-2": "763104351884",
                    "ca-central-1": "763104351884",
                    "cn-north-1": "727897471807",
                    "cn-northwest-1": "727897471807",
                    "eu-central-1": "763104351884",
                    "eu-north-1": "763104351884",
                    "eu-south-1": "692866216735",
                    "eu-west-1": "763104351884",
                    "eu-west-2": "763104351884",
                    "eu-west-3": "763104351884",
                    "me-south-1": "217643126080",
                    "sa-east-1": "763104351884",
                    "us-east-1": "763104351884",
                    "us-east-2": "763104351884",
                    "us-gov-west-1": "442386744353",
                    "us-iso-east-1": "886529160074",
                    "us-west-1": "763104351884",
                    "us-west-2": "763104351884"
                },
                "repository": "tensorflow-training"
            },
            "1.15.3": {
                "py_versions": [
                    "py2",
                    "py3",
                    "py37"
                ],
                "registries": {
                    "af-south-1": "626614931356",
                    "ap-east-1": "871362719292",
                    "ap-northeast-1": "763104351884",
                    "ap-northeast-2": "763104351884",
                    "ap-south-1": "763104351884",
                    "ap-southeast-1": "763104351884",
                    "ap-southeast-2": "763104351884",
                    "ca-central-1": "763104351884",
                    "cn-north-1": "727897471807",
                    "cn-northwest-1": "727897471807",
                    "eu-central-1": "763104351884",
                    "eu-north-1": "763104351884",
                    "eu-south-1": "692866216735",
                    "eu-west-1": "763104351884",
                    "eu-west-2": "763104351884",
                    "eu-west-3": "763104351884",
                    "me-south-1": "217643126080",
                    "sa-east-1": "763104351884",
                    "us-east-1": "763104351884",
                    "us-east-2": "763104351884",
                    "us-gov-west-1": "442386744353",
                    "us-iso-east-1": "886529160074",
                    "us-west-1": "763104351884",
                    "us-west-2": "763104351884"
                },
                "repository": "tensorflow-training"
            },
            "1.15.4": {
                "py_versions": [
                    "py3",
                    "py36",
                    "py37"
                ],
                "registries": {
                    "af-south-1": "626614931356",
                    "ap-east-1": "871362719292",
                    "ap-northeast-1": "763104351884",
                    "ap-northeast-2": "763104351884",
                    "ap-south-1": "763104351884",
                    "ap-southeast-1": "763104351884",
                    "ap-southeast-2": "763104351884",
                    "ca-central-1": "763104351884",
                    "cn-north-1": "727897471807",
                    "cn-northwest-1": "727897471807",
                    "eu-central-1": "763104351884",
                    "eu-north-1": "763104351884",
                    "eu-south-1": "692866216735",
                    "eu-west-1": "763104351884",
                    "eu-west-2": "763104351884",
                    "eu-west-3": "763104351884",
                    "me-south-1": "217643126080",
                    "sa-east-1": "763104351884",
                    "us-east-1": "763104351884",
                    "us-east-2": "763104351884",
                    "us-gov-west-1": "442386744353",
                    "us-iso-east-1": "886529160074",
                    "us-west-1": "763104351884",
                    "us-west-2": "763104351884"
                },
                "repository": "tensorflow-training"
            },
            "1.4.1": {
                "py_versions": [
                    "py2"
                ],
                "registries": {
                    "af-south-1": "313743910680",
                    "ap-east-1": "057415533634",
                    "ap-northeast-1": "520713654638",
                    "ap-northeast-2": "520713654638",
                    "ap-south-1": "520713654638",
                    "ap-southeast-1": "520713654638",
                    "ap-southeast-2": "520713654638",
                    "ca-central-1": "520713654638",
                    "cn-north-1": "422961961927",
                    "cn-northwest-1": "423003514399",
                    "eu-central-1": "520713654638",
                    "eu-north-1": "520713654638",
                    "eu-south-1": "048378556238",
                    "eu-west-1": "520713654638",
                    "eu-west-2": "520713654638",
                    "eu-west-3": "520713654638",
                    "me-south-1": "724002660598",
                    "sa-east-1": "520713654638",
                    "us-east-1": "520713654638",
                    "us-east-2": "520713654638",
                    "us-gov-west-1": "246785580436",
                    "us-iso-east-1": "744548109606",
                    "us-west-1": "520713654638",
                    "us-west-2": "520713654638"
                },
                "repository": "sagemaker-tensorflow"
            },
            "1.5.0": {
                "py_versions": [
                    "py2"
                ],
                "registries": {
                    "af-south-1": "313743910680",
                    "ap-east-1": "057415533634",
                    "ap-northeast-1": "520713654638",
                    "ap-northeast-2": "520713654638",
                    "ap-south-1": "520713654638",
                    "ap-southeast-1": "520713654638",
                    "ap-southeast-2": "520713654638",
                    "ca-central-1": "520713654638",
                    "cn-north-1": "422961961927",
                    "cn-northwest-1": "423003514399",
                    "eu-central-1": "520713654638",
                    "eu-north-1": "520713654638",
                    "eu-south-1": "048378556238",
                    "eu-west-1": "520713654638",
                    "eu-west-2": "520713654638",
                    "eu-west-3": "520713654638",
                    "me-south-1": "724002660598",
                    "sa-east-1": "520713654638",
                    "us-east-1": "520713654638",
                    "us-east-2": "520713654638",
                    "us-gov-west-1": "246785580436",
                    "us-iso-east-1": "744548109606",
                    "us-west-1": "520713654638",
                    "us-west-2": "520713654638"
                },
                "repository": "sagemaker-tensorflow"
            },
            "1.6.0": {
                "py_versions": [
                    "py2"
                ],
                "registries": {
                    "af-south-1": "313743910680",
                    "ap-east-1": "057415533634",
                    "ap-northeast-1": "520713654638",
                    "ap-northeast-2": "520713654638",
                    "ap-south-1": "520713654638",
                    "ap-southeast-1": "520713654638",
                    "ap-southeast-2": "520713654638",
                    "ca-central-1": "520713654638",
                    "cn-north-1": "422961961927",
                    "cn-northwest-1": "423003514399",
                    "eu-central-1": "520713654638",
                    "eu-north-1": "520713654638",
                    "eu-south-1": "048378556238",
                    "eu-west-1": "520713654638",
                    "eu-west-2": "520713654638",
                    "eu-west-3": "520713654638",
                    "me-south-1": "724002660598",
                    "sa-east-1": "520713654638",
                    "us-east-1": "520713654638",
                    "us-east-2": "520713654638",
                    "us-gov-west-1": "246785580436",
                    "us-iso-east-1": "744548109606",
                    "us-west-1": "520713654638",
                    "us-west-2": "520713654638"
                },
                "repository": "sagemaker-tensorflow"
            },
            "1.7.0": {
                "py_versions": [
                    "py2"
                ],
                "registries": {
                    "af-south-1": "313743910680",
                    "ap-east-1": "057415533634",
                    "ap-northeast-1": "520713654638",
                    "ap-northeast-2": "520713654638",
                    "ap-south-1": "520713654638",
                    "ap-southeast-1": "520713654638",
                    "ap-southeast-2": "520713654638",
                    "ca-central-1": "520713654638",
                    "cn-north-1": "422961961927",
                    "cn-northwest-1": "423003514399",
                    "eu-central-1": "520713654638",
                    "eu-north-1": "520713654638",
                    "eu-south-1": "048378556238",
                    "eu-west-1": "520713654638",
                    "eu-west-2": "520713654638",
                    "eu-west-3": "520713654638",
                    "me-south-1": "724002660598",
                    "sa-east-1": "520713654638",
                    "us-east-1": "520713654638",
                    "us-east-2": "520713654638",
                    "us-gov-west-1": "246785580436",
                    "us-iso-east-1": "744548109606",
                    "us-west-1": "520713654638",
                    "us-west-2": "520713654638"
                },
                "repository": "sagemaker-tensorflow"
            },
            "1.8.0": {
                "py_versions": [
                    "py2"
                ],
                "registries": {
                    "af-south-1": "313743910680",
                    "ap-east-1": "057415533634",
                    "ap-northeast-1": "520713654638",
                    "ap-northeast-2": "520713654638",
                    "ap-south-1": "520713654638",
                    "ap-southeast-1": "520713654638",
                    "ap-southeast-2": "520713654638",
                    "ca-central-1": "520713654638",
                    "cn-north-1": "422961961927",
                    "cn-northwest-1": "423003514399",
                    "eu-central-1": "520713654638",
                    "eu-north-1": "520713654638",
                    "eu-south-1": "048378556238",
                    "eu-west-1": "520713654638",
                    "eu-west-2": "520713654638",
                    "eu-west-3": "520713654638",
                    "me-south-1": "724002660598",
                    "sa-east-1": "520713654638",
                    "us-east-1": "520713654638",
                    "us-east-2": "520713654638",
                    "us-gov-west-1": "246785580436",
                    "us-iso-east-1": "744548109606",
                    "us-west-1": "520713654638",
                    "us-west-2": "520713654638"
                },
                "repository": "sagemaker-tensorflow"
            },
            "1.9.0": {
                "py_versions": [
                    "py2"
                ],
                "registries": {
                    "af-south-1": "313743910680",
                    "ap-east-1": "057415533634",
                    "ap-northeast-1": "520713654638",
                    "ap-northeast-2": "520713654638",
                    "ap-south-1": "520713654638",
                    "ap-southeast-1": "520713654638",
                    "ap-southeast-2": "520713654638",
                    "ca-central-1": "520713654638",
                    "cn-north-1": "422961961927",
                    "cn-northwest-1": "423003514399",
                    "eu-central-1": "520713654638",
                    "eu-north-1": "520713654638",
                    "eu-south-1": "048378556238",
                    "eu-west-1": "520713654638",
                    "eu-west-2": "520713654638",
                    "eu-west-3": "520713654638",
                    "me-south-1": "724002660598",
                    "sa-east-1": "520713654638",
                    "us-east-1": "520713654638",
                    "us-east-2": "520713654638",
                    "us-gov-west-1": "246785580436",
                    "us-iso-east-1": "744548109606",
                    "us-west-1": "520713654638",
                    "us-west-2": "520713654638"
                },
                "repository": "sagemaker-tensorflow"
            },
            "2.0.0": {
                "py_versions": [
                    "py2",
                    "py3"
                ],
                "registries": {
                    "af-south-1": "626614931356",
                    "ap-east-1": "871362719292",
                    "ap-northeast-1": "763104351884",
                    "ap-northeast-2": "763104351884",
                    "ap-south-1": "763104351884",
                    "ap-southeast-1": "763104351884",
                    "ap-southeast-2": "763104351884",
                    "ca-central-1": "763104351884",
                    "cn-north-1": "727897471807",
                    "cn-northwest-1": "727897471807",
                    "eu-central-1": "763104351884",
                    "eu-north-1": "763104351884",
                    "eu-south-1": "692866216735",
                    "eu-west-1": "763104351884",
                    "eu-west-2": "763104351884",
                    "eu-west-3": "763104351884",
                    "me-south-1": "217643126080",
                    "sa-east-1": "763104351884",
                    "us-east-1": "763104351884",
                    "us-east-2": "763104351884",
                    "us-gov-west-1": "442386744353",
                    "us-iso-east-1": "886529160074",
                    "us-west-1": "763104351884",
                    "us-west-2": "763104351884"
                },
                "repository": "tensorflow-training"
            },
            "2.0.1": {
                "py_versions": [
                    "py2",
                    "py3"
                ],
                "registries": {
                    "af-south-1": "626614931356",
                    "ap-east-1": "871362719292",
                    "ap-northeast-1": "763104351884",
                    "ap-northeast-2": "763104351884",
                    "ap-south-1": "763104351884",
                    "ap-southeast-1": "763104351884",
                    "ap-southeast-2": "763104351884",
                    "ca-central-1": "763104351884",
                    "cn-north-1": "727897471807",
                    "cn-northwest-1": "727897471807",
                    "eu-central-1": "763104351884",
                    "eu-north-1": "763104351884",
                    "eu-south-1": "692866216735",
                    "eu-west-1": "763104351884",
                    "eu-west-2": "763104351884",
                    "eu-west-3": "763104351884",
                    "me-south-1": "217643126080",
                    "sa-east-1": "763104351884",
                    "us-east-1": "763104351884",
                    "us-east-2": "763104351884",
                    "us-gov-west-1": "442386744353",
                    "us-iso-east-1": "886529160074",
                    "us-west-1": "763104351884",
                    "us-west-2": "763104351884"
                },
                "repository": "tensorflow-training"
            },
            "2.1.0": {
                "py_versions": [
                    "py2",
                    "py3"
                ],
                "registries": {
                    "af-south-1": "626614931356",
                    "ap-east-1": "871362719292",
                    "ap-northeast-1": "763104351884",
                    "ap-northeast-2": "763104351884",
                    "ap-south-1": "763104351884",
                    "ap-southeast-1": "763104351884",
                    "ap-southeast-2": "763104351884",
                    "ca-central-1": "763104351884",
                    "cn-north-1": "727897471807",
                    "cn-northwest-1": "727897471807",
                    "eu-central-1": "763104351884",
                    "eu-north-1": "763104351884",
                    "eu-south-1": "692866216735",
                    "eu-west-1": "763104351884",
                    "eu-west-2": "763104351884",
                    "eu-west-3": "763104351884",
                    "me-south-1": "217643126080",
                    "sa-east-1": "763104351884",
                    "us-east-1": "763104351884",
                    "us-east-2": "763104351884",
                    "us-gov-west-1": "442386744353",
                    "us-iso-east-1": "886529160074",
                    "us-west-1": "763104351884",
                    "us-west-2": "763104351884"
                },
                "repository": "tensorflow-training"
            },
            "2.1.1": {
                "py_versions": [
                    "py2",
                    "py3"
                ],
                "registries": {
                    "af-south-1": "626614931356",
                    "ap-east-1": "871362719292",
                    "ap-northeast-1": "763104351884",
                    "ap-northeast-2": "763104351884",
                    "ap-south-1": "763104351884",
                    "ap-southeast-1": "763104351884",
                    "ap-southeast-2": "763104351884",
                    "ca-central-1": "763104351884",
                    "cn-north-1": "727897471807",
                    "cn-northwest-1": "727897471807",
                    "eu-central-1": "763104351884",
                    "eu-north-1": "763104351884",
                    "eu-south-1": "692866216735",
                    "eu-west-1": "763104351884",
                    "eu-west-2": "763104351884",
                    "eu-west-3": "763104351884",
                    "me-south-1": "217643126080",
                    "sa-east-1": "763104351884",
                    "us-east-1": "763104351884",
                    "us-east-2": "763104351884",
                    "us-gov-west-1": "442386744353",
                    "us-iso-east-1": "886529160074",
                    "us-west-1": "763104351884",
                    "us-west-2": "763104351884"
                },
                "repository": "tensorflow-training"
            },
            "2.2.0": {
                "py_versions": [
                    "py37"
                ],
                "registries": {
                    "af-south-1": "626614931356",
                    "ap-east-1": "871362719292",
                    "ap-northeast-1": "763104351884",
                    "ap-northeast-2": "763104351884",
                    "ap-south-1": "763104351884",
                    "ap-southeast-1": "763104351884",
                    "ap-southeast-2": "763104351884",
                    "ca-central-1": "763104351884",
                    "cn-north-1": "727897471807",
                    "cn-northwest-1": "727897471807",
                    "eu-central-1": "763104351884",
                    "eu-north-1": "763104351884",
                    "eu-south-1": "692866216735",
                    "eu-west-1": "763104351884",
                    "eu-west-2": "763104351884",
                    "eu-west-3": "763104351884",
                    "me-south-1": "217643126080",
                    "sa-east-1": "763104351884",
                    "us-east-1": "763104351884",
                    "us-east-2": "763104351884",
                    "us-gov-west-1": "442386744353",
                    "us-iso-east-1": "886529160074",
                    "us-west-1": "763104351884",
                    "us-west-2": "763104351884"
                },
                "repository": "tensorflow-training"
            },
            "2.3.0": {
                "py_versions": [
                    "py37"
                ],
                "registries": {
                    "af-south-1": "626614931356",
                    "ap-east-1": "871362719292",
                    "ap-northeast-1": "763104351884",
                    "ap-northeast-2": "763104351884",
                    "ap-south-1": "763104351884",
                    "ap-southeast-1": "763104351884",
                    "ap-southeast-2": "763104351884",
                    "ca-central-1": "763104351884",
                    "cn-north-1": "727897471807",
                    "cn-northwest-1": "727897471807",
                    "eu-central-1": "763104351884",
                    "eu-north-1": "763104351884",
                    "eu-south-1": "692866216735",
                    "eu-west-1": "763104351884",
                    "eu-west-2": "763104351884",
                    "eu-west-3": "763104351884",
                    "me-south-1": "217643126080",
                    "sa-east-1": "763104351884",
                    "us-east-1": "763104351884",
                    "us-east-2": "763104351884",
                    "us-gov-west-1": "442386744353",
                    "us-iso-east-1": "886529160074",
                    "us-west-1": "763104351884",
                    "us-west-2": "763104351884"
                },
                "repository": "tensorflow-training"
            },
            "2.3.1": {
                "py_versions": [
                    "py37"
                ],
                "registries": {
                    "af-south-1": "626614931356",
                    "ap-east-1": "871362719292",
                    "ap-northeast-1": "763104351884",
                    "ap-northeast-2": "763104351884",
                    "ap-south-1": "763104351884",
                    "ap-southeast-1": "763104351884",
                    "ap-southeast-2": "763104351884",
                    "ca-central-1": "763104351884",
                    "cn-north-1": "727897471807",
                    "cn-northwest-1": "727897471807",
                    "eu-central-1": "763104351884",
                    "eu-north-1": "763104351884",
                    "eu-south-1": "692866216735",
                    "eu-west-1": "763104351884",
                    "eu-west-2": "763104351884",
                    "eu-west-3": "763104351884",
                    "me-south-1": "217643126080",
                    "sa-east-1": "763104351884",
                    "us-east-1": "763104351884",
                    "us-east-2": "763104351884",
                    "us-gov-west-1": "442386744353",
                    "us-iso-east-1": "886529160074",
                    "us-west-1": "763104351884",
                    "us-west-2": "763104351884"
                },
                "repository": "tensorflow-training"
            },
            "2.4.1": {
                "py_versions": [
                    "py37"
                ],
                "registries": {
                    "af-south-1": "626614931356",
                    "ap-east-1": "871362719292",
                    "ap-northeast-1": "763104351884",
                    "ap-northeast-2": "763104351884",
                    "ap-south-1": "763104351884",
                    "ap-southeast-1": "763104351884",
                    "ap-southeast-2": "763104351884",
                    "ca-central-1": "763104351884",
                    "cn-north-1": "727897471807",
                    "cn-northwest-1": "727897471807",
                    "eu-central-1": "763104351884",
                    "eu-north-1": "763104351884",
                    "eu-south-1": "692866216735",
                    "eu-west-1": "763104351884",
                    "eu-west-2": "763104351884",
                    "eu-west-3": "763104351884",
                    "me-south-1": "217643126080",
                    "sa-east-1": "763104351884",
                    "us-east-1": "763104351884",
                    "us-east-2": "763104351884",
                    "us-gov-west-1": "442386744353",
                    "us-iso-east-1": "886529160074",
                    "us-west-1": "763104351884",
                    "us-west-2": "763104351884"
                },
                "repository": "tensorflow-training"
            }
        }
    }
}